"issue","treated","accuracy","preference","republican","age","gov_exp"
"Needle Exchange",0,0.25,0,1,NA,15
"Needle Exchange",1,0.75,0.833,0,NA,25
"Needle Exchange",1,0.5,0.333,1,45,11
"Needle Exchange",1,0,0.333,1,NA,5
"Needle Exchange",1,0.25,1,1,63,2
"Needle Exchange",0,0.75,0.5,0,25,3
"Needle Exchange",1,1,1,1,58,2
"Needle Exchange",1,0,0.667,1,NA,10
"Needle Exchange",0,1,0.167,1,60,35
"Needle Exchange",1,1,1,0,63,10
"Needle Exchange",1,0,1,0,66,30
"Needle Exchange",0,0.75,0.167,1,24,2
"Needle Exchange",1,0.75,0.5,1,53,2
"Needle Exchange",1,0.75,1,0,71,30
"Needle Exchange",1,0.75,0.333,1,66,4
"Needle Exchange",0,0.75,0.833,0,64,21
"Needle Exchange",1,1,0.667,1,25,3
"Needle Exchange",0,0.75,0.667,1,60,9
"Needle Exchange",1,1,1,0,52,10
"Needle Exchange",1,1,1,0,NA,6
"Needle Exchange",1,0.5,0,1,86,12
"Needle Exchange",1,1,0.833,0,NA,43
"Needle Exchange",0,0.25,0.167,1,45,3
"Needle Exchange",1,1,1,0,NA,3
"Needle Exchange",0,0.5,0.667,1,NA,35
"Needle Exchange",1,0.75,0.333,0,NA,10
"Needle Exchange",1,0.75,0.667,0,NA,28
"Needle Exchange",1,1,0.833,0,NA,6
"Needle Exchange",0,1,1,0,78,12
"Needle Exchange",1,0.75,1,0,NA,21
"Needle Exchange",0,1,0.833,0,NA,8
"Needle Exchange",0,0.75,0.333,0,NA,33
"Needle Exchange",0,0.75,1,0,39,8
"Needle Exchange",1,1,1,0,32,9
"Needle Exchange",1,0.75,0.667,1,30,5
"Needle Exchange",1,1,1,0,57,30
"Needle Exchange",1,1,0.833,1,59,34
"Needle Exchange",1,1,1,0,64,4
"Needle Exchange",1,0.75,0.5,1,25,2
"Needle Exchange",1,1,0.833,1,NA,3
"Needle Exchange",1,1,0.5,1,65,7
"Needle Exchange",1,0.5,0.5,0,NA,25
"Needle Exchange",0,0,1,1,NA,8
"Needle Exchange",1,0.75,0.5,1,30,8
"Needle Exchange",1,0,0.833,0,NA,4
"Needle Exchange",0,0.75,1,0,25,3
"Needle Exchange",0,1,1,0,NA,30
"Needle Exchange",0,0.75,0.833,1,63,20
"Needle Exchange",0,1,0.833,0,71,23
"Needle Exchange",1,1,1,1,NA,10
"Needle Exchange",0,0.25,0.667,1,31,5
"Needle Exchange",0,1,0.5,0,25,1
"Needle Exchange",1,1,1,0,30,4
"Needle Exchange",0,0.75,0.833,1,29,5
"Needle Exchange",1,0.75,0.333,1,62,20
"Needle Exchange",0,1,0.833,0,27,1
"Needle Exchange",1,1,0.833,0,NA,4
"Needle Exchange",0,0.5,0.833,0,63,11
"Needle Exchange",1,1,1,0,NA,3
"Needle Exchange",0,0.75,1,0,28,3
"Needle Exchange",1,0.75,0.667,1,27,3
"Needle Exchange",1,1,1,0,23,1
"Needle Exchange",1,1,0.833,1,28,5
"Needle Exchange",0,1,1,0,28,4
"Needle Exchange",0,0.75,0.5,NA,NA,20
"Needle Exchange",0,1,0,1,30,5
"Needle Exchange",1,1,1,0,24,1
"Needle Exchange",1,0.5,0.667,0,50,9
"Needle Exchange",1,1,1,0,NA,2
"Needle Exchange",0,0,0.333,NA,NA,6
"Needle Exchange",0,1,0.833,0,NA,3
"Needle Exchange",1,0.75,0.667,1,69,14
"Needle Exchange",1,0.75,0.833,0,NA,2
"Needle Exchange",0,0.75,0.833,0,46,16
"Needle Exchange",1,1,0.5,NA,52,15
"Needle Exchange",0,0.25,0.667,1,NA,24
"Needle Exchange",0,1,1,0,NA,23
"Needle Exchange",1,0.5,0,1,NA,7
"Needle Exchange",0,0.5,0.667,1,37,8
"Needle Exchange",0,1,1,0,NA,4
"Needle Exchange",1,1,0.5,1,57,13
"Needle Exchange",1,0.75,1,0,29,6
"Needle Exchange",0,0.75,0.667,1,NA,30
"Needle Exchange",1,0.5,0.667,0,NA,12
"Needle Exchange",1,0.75,0.833,0,NA,20
"Needle Exchange",0,0,0.5,0,NA,10
"Needle Exchange",1,0.75,1,0,39,19
"Needle Exchange",1,1,1,0,71,32
"Needle Exchange",0,1,0.5,1,NA,12
"Needle Exchange",1,1,0.667,NA,NA,15
"Needle Exchange",1,0.75,1,0,70,34
"Needle Exchange",1,0.5,0.5,1,58,4
"Needle Exchange",1,0.75,0.333,1,NA,49
"Needle Exchange",1,1,1,1,NA,28
"Needle Exchange",0,1,0.833,0,44,1
"Needle Exchange",0,1,0,0,75,6
"Needle Exchange",1,1,1,0,NA,8
"Needle Exchange",0,1,1,1,64,2
"Needle Exchange",0,0.5,0.667,0,52,13
"Needle Exchange",1,0.75,0.833,0,NA,5
"Needle Exchange",1,0.75,0.5,1,70,27
"Needle Exchange",1,1,1,0,NA,18
"Needle Exchange",0,0.75,0,0,59,22
"Needle Exchange",0,1,1,0,67,30
"Needle Exchange",1,1,1,0,30,5.5
"Needle Exchange",0,0.75,1,0,NA,18
"Needle Exchange",0,0.25,0.333,1,26,2
"Needle Exchange",1,1,1,0,NA,5
"Needle Exchange",0,0.5,0,1,72,4
"Needle Exchange",1,1,0.667,0,69,7
"Needle Exchange",1,0.25,0.667,NA,NA,8
"Needle Exchange",1,0.5,0.667,1,63,10
"Needle Exchange",1,1,0.833,0,NA,3.5
"Needle Exchange",0,0.5,0.5,1,NA,7
"Needle Exchange",0,0.75,0,1,52,5
"Needle Exchange",0,0.75,0.167,1,68,23
"Needle Exchange",1,0.5,0.333,1,49,3
"Needle Exchange",1,1,0.167,1,76,30
"Needle Exchange",0,0.25,0.333,1,40,4
"Needle Exchange",1,0.25,0.167,1,NA,12
"Needle Exchange",0,0,1,0,51,1
"Needle Exchange",0,1,0.833,0,68,38
"Needle Exchange",1,1,1,0,NA,9
"Needle Exchange",0,0.75,0.167,1,56,24
"Needle Exchange",1,0.5,0.5,1,81,12
"Needle Exchange",0,0.5,0.167,1,82,36
"Needle Exchange",1,1,1,0,NA,6
"Needle Exchange",1,1,1,0,NA,28
"Needle Exchange",0,0.75,1,0,64,40
"Needle Exchange",0,0,0,1,68,12
"Needle Exchange",1,0.75,0.333,1,51,10
"Needle Exchange",0,0.75,1,0,45,2
"Needle Exchange",1,0.75,1,1,NA,1
"Needle Exchange",0,0.5,0.167,1,NA,6
"Needle Exchange",1,0.75,0,0,64,32
"Needle Exchange",0,0.5,0.167,1,51,7
"Needle Exchange",1,0.75,0.667,1,NA,24
"Needle Exchange",1,1,1,NA,NA,16
"Needle Exchange",1,1,0.833,NA,47,10
"Needle Exchange",0,0.25,0.667,1,56,9
"Needle Exchange",0,1,1,0,69,45
"Needle Exchange",1,0.75,0.833,1,NA,46
"Needle Exchange",0,1,0.5,1,37,NA
"Needle Exchange",1,0.5,0.667,1,NA,30
"Needle Exchange",1,1,1,1,46,10
"Needle Exchange",0,0.5,0.5,1,NA,8
"Needle Exchange",0,0.75,0.667,1,59,29
"Needle Exchange",1,0.25,0.5,1,NA,55
"Needle Exchange",1,1,0.333,1,36,5
"Needle Exchange",1,1,0.5,1,NA,26
"Needle Exchange",1,1,1,NA,NA,8
"Needle Exchange",0,0.75,0,1,37,2
"Needle Exchange",0,0.5,0,1,49,4
"Needle Exchange",0,0.5,0.667,0,63,33
"Needle Exchange",1,0,0.833,0,64,45
"Needle Exchange",0,0,0.5,1,NA,25
"Needle Exchange",1,0.25,0.667,1,NA,25
"Needle Exchange",1,0.75,0.833,1,67,8
"Needle Exchange",0,0.75,0,0,NA,30
"Needle Exchange",0,0.5,0.5,1,NA,11
"Needle Exchange",0,0.75,0,1,41,19
"Needle Exchange",0,0.5,0.833,0,23,2
"Needle Exchange",1,1,1,0,72,7
"Needle Exchange",1,0.75,0,1,58,22
"Needle Exchange",1,1,0,1,59,6
"Needle Exchange",0,1,1,0,NA,3
"Needle Exchange",0,0.5,0.667,0,NA,30
"Needle Exchange",0,0,0.5,NA,71,14
"Needle Exchange",1,0.75,0.667,1,NA,4
"Needle Exchange",1,1,0.833,0,NA,18
"Needle Exchange",0,1,1,0,NA,2
"Needle Exchange",0,0,0,NA,NA,49
"Needle Exchange",1,0.5,0.667,1,24,1.5
"Needle Exchange",0,0.75,0.333,1,35,5
"Needle Exchange",1,1,0.833,1,NA,6
"Needle Exchange",1,1,0.833,0,66,30
"Needle Exchange",1,1,1,0,37,10
"Needle Exchange",1,1,1,0,49,9
"Needle Exchange",1,0,0.167,1,48,5
"Needle Exchange",1,1,1,0,NA,2
"Needle Exchange",1,1,0.667,1,NA,20
"Needle Exchange",0,0.5,0.667,NA,NA,4
"Needle Exchange",1,0.75,1,0,72,20
"Needle Exchange",0,1,1,0,NA,8
"Needle Exchange",1,1,0.833,0,25,2.5
"Needle Exchange",0,1,0.833,1,56,22
"Needle Exchange",0,0.75,0.833,1,NA,3
"Needle Exchange",1,0.5,0.167,1,NA,5
"Needle Exchange",0,0.5,0.167,1,52,1.5
"Needle Exchange",0,0.5,0.667,0,66,30
"Needle Exchange",1,0.75,0.833,NA,66,10
"Needle Exchange",1,1,1,0,NA,27
"Needle Exchange",0,1,1,1,NA,8
"Needle Exchange",1,1,1,0,NA,4
"Needle Exchange",1,0.75,0.333,1,47,9
"Needle Exchange",1,1,0.667,1,NA,5
"Needle Exchange",1,0.25,0.5,1,NA,20
"Needle Exchange",1,0.75,0.667,1,64,29
"Needle Exchange",0,0.5,0,1,34,13
"Needle Exchange",0,0.75,1,1,82,22
"Needle Exchange",1,1,0.833,0,25,2
"Needle Exchange",1,0.75,0.167,1,74,52
"Needle Exchange",0,1,0.5,0,NA,11
"Needle Exchange",0,1,0.833,0,24,1
"Needle Exchange",0,1,1,0,63,8
"Needle Exchange",1,0.5,0.667,1,35,12
"Needle Exchange",1,1,0.833,0,48,4
"Needle Exchange",1,0,1,1,NA,9
"Needle Exchange",1,0,0.5,0,50,25
"Needle Exchange",0,1,0.833,1,NA,9
"Needle Exchange",1,0.75,0.167,1,NA,2
"Needle Exchange",0,1,0.5,1,NA,10
"Needle Exchange",0,0.25,0.667,1,54,5
"Needle Exchange",1,0.75,0.333,1,57,8
"Needle Exchange",0,1,1,0,51,2
"Needle Exchange",0,0,0.667,0,NA,18
"Needle Exchange",1,1,1,0,NA,6.25
"Needle Exchange",1,0.75,0.167,1,NA,5
"Needle Exchange",0,0.5,0.5,0,NA,9
"Needle Exchange",0,0,1,1,NA,8
"Needle Exchange",1,0.75,0.5,1,NA,6
"Needle Exchange",1,1,0.333,1,NA,10
"Needle Exchange",1,0.75,1,0,NA,5
"Needle Exchange",1,1,0.833,0,NA,20
"Needle Exchange",0,0.5,0.833,1,NA,24
"Needle Exchange",1,0.5,0.167,1,NA,17
"Needle Exchange",1,1,0.5,1,NA,6
"Needle Exchange",0,1,1,0,NA,30
"Needle Exchange",1,0.75,0.667,1,69,40
"Needle Exchange",0,0.75,0.5,NA,NA,12
"Needle Exchange",0,0.75,0.167,1,NA,25
"Needle Exchange",0,0.75,0.5,1,64,40
"Needle Exchange",1,0.5,0.333,0,71,20
"Needle Exchange",1,0.75,0.833,0,NA,6
"Needle Exchange",0,1,1,0,29,2
"Needle Exchange",1,1,1,1,NA,4
"Needle Exchange",1,1,1,0,26,1
"Needle Exchange",1,1,0.833,0,NA,20
"Needle Exchange",1,0.75,0.833,0,34,10
"Needle Exchange",0,0.75,0.5,1,34,1
"Needle Exchange",0,1,1,0,29,3
"Needle Exchange",1,1,1,0,NA,8
"Needle Exchange",1,0.25,0,1,46,3
"Needle Exchange",0,0.5,0,1,30,2
"Needle Exchange",1,0.75,1,0,57,10
"Needle Exchange",1,1,0.5,0,28,7
"Needle Exchange",0,0.75,1,0,29,5
"Needle Exchange",0,1,0.667,0,26,1
"Needle Exchange",1,0.25,0.333,0,29,5
"Needle Exchange",1,1,0.5,NA,NA,19
"Needle Exchange",1,1,0.833,1,35,5
"Needle Exchange",0,1,0.5,1,35,6
"Needle Exchange",0,1,0,1,55,8
"Needle Exchange",1,0.75,1,0,NA,18
"Needle Exchange",1,1,1,0,42,6
"Needle Exchange",0,1,0.833,0,40,15
"Needle Exchange",0,1,1,1,53,10
"Needle Exchange",0,1,0.833,1,58,21
"Needle Exchange",1,1,0.667,0,31,3
"Needle Exchange",1,0.75,0.833,0,35,4
"Needle Exchange",1,1,0.167,1,36,10
"Needle Exchange",0,0.75,0.5,1,33,5
"Needle Exchange",1,0.75,0.667,0,18,3
"Needle Exchange",0,0.75,0.667,0,27,5
"Needle Exchange",0,0.5,0.5,0,23,1
"Needle Exchange",1,1,0.833,0,62,11
"Needle Exchange",0,0.25,0.833,0,NA,16
"Needle Exchange",1,0,0.333,1,36,14
"Needle Exchange",1,0.75,0.833,1,71,31
"Needle Exchange",0,0.5,0.833,0,41,1.5
"Needle Exchange",1,0.75,0.5,0,28,1
"Needle Exchange",0,0.75,0.5,0,NA,17
"Needle Exchange",0,0.5,0.333,1,NA,4
"Needle Exchange",1,0.75,0.5,0,36,16
"Needle Exchange",1,1,0.833,0,47,3
"Needle Exchange",1,0,0.667,0,26,3
"Needle Exchange",0,1,1,0,NA,7
"Needle Exchange",1,0.5,0.833,0,NA,14
"Needle Exchange",1,1,1,0,36,11
"Needle Exchange",0,0,0.5,1,NA,27
"Needle Exchange",1,1,0.833,0,NA,14
"Needle Exchange",1,1,1,0,41,14
"Needle Exchange",0,1,1,0,28,6
"Needle Exchange",0,0.5,0.5,0,24,3
"Needle Exchange",0,0.25,0.333,1,NA,40
"Needle Exchange",1,0,0.5,1,64,10
"Needle Exchange",0,0.5,1,0,69,8
"Needle Exchange",0,0.75,1,1,NA,5
"Needle Exchange",1,1,1,0,62,8
"Needle Exchange",0,0.75,0.333,1,NA,14
"Needle Exchange",0,1,1,0,76,30
"Needle Exchange",0,0.75,0.5,0,58,9
"Needle Exchange",0,1,0.833,1,39,6
"Needle Exchange",1,1,1,0,NA,2
"Needle Exchange",0,0,0.167,1,NA,8
"Needle Exchange",1,0.75,0.833,1,64,18
"Needle Exchange",1,0.5,0.167,1,35,11
"Needle Exchange",1,1,0.833,0,NA,4
"Needle Exchange",1,0.75,1,0,NA,4
"Needle Exchange",0,0.75,0.667,0,70,40
"Needle Exchange",1,1,1,0,70,45
"Needle Exchange",1,0.75,0.5,1,74,12
"Needle Exchange",1,0.5,0.5,NA,NA,8
"Needle Exchange",1,0.5,0.333,1,NA,9
"Needle Exchange",1,0.75,1,0,NA,4
"Needle Exchange",0,1,0.5,0,NA,4
"Needle Exchange",0,1,1,0,NA,2
"Needle Exchange",0,0.5,0.5,0,66,4
"Needle Exchange",1,0.75,0.833,NA,65,12
"Needle Exchange",1,1,0.667,1,NA,4
"Needle Exchange",0,0.75,1,0,49,9
"Needle Exchange",0,0.75,1,0,64,3
"Needle Exchange",1,0.75,0.667,1,69,30
"Needle Exchange",0,0.5,0,1,NA,16
"Needle Exchange",1,0.75,0.833,1,NA,7
"Needle Exchange",1,0.75,0.5,1,56,25
"Needle Exchange",0,1,1,0,66,2
"Needle Exchange",1,0.5,0.5,1,NA,2.5
"Needle Exchange",0,0.75,0.833,0,65,15
"Needle Exchange",1,0.75,0.833,1,NA,25
"Needle Exchange",1,1,0.5,0,NA,18
"Needle Exchange",1,0.75,0.5,NA,65,11
"Needle Exchange",0,1,1,1,NA,18
"Needle Exchange",1,0.75,0.667,0,NA,20
"Needle Exchange",0,0.75,0.667,1,66,18
"Needle Exchange",1,0.75,0.167,1,NA,4
"Needle Exchange",0,0,0.833,1,NA,40
"Needle Exchange",0,0.5,0.667,0,74,16
"Needle Exchange",1,0.5,0.667,0,60,12
"Needle Exchange",1,0.5,0.667,1,65,40
"Needle Exchange",0,0.5,0,1,NA,2
"Needle Exchange",0,0.25,0.667,1,NA,3
"Needle Exchange",0,0.75,0.833,0,NA,6
"Needle Exchange",1,1,1,0,NA,19
"Needle Exchange",1,1,1,0,NA,9
"Needle Exchange",0,0.5,0.333,NA,NA,10
"Needle Exchange",1,0.5,0.5,1,62,3
"Needle Exchange",0,0.5,0.667,1,NA,23
"Needle Exchange",1,0.5,0.167,1,NA,9
"Needle Exchange",1,0.75,0.833,NA,62,16
"Needle Exchange",1,0.5,0.667,0,NA,7
"Needle Exchange",1,1,0.667,1,47,5
"Needle Exchange",1,1,0.5,1,58,40
"Needle Exchange",1,0.5,0.167,1,NA,5
"Needle Exchange",0,0.25,1,0,43,13
"Needle Exchange",0,0.25,0.667,1,51,15
"Needle Exchange",1,0.5,0.167,1,NA,12
"Needle Exchange",0,1,0.5,1,49,6
"Needle Exchange",1,1,1,0,NA,6
"Needle Exchange",1,0.25,0.833,1,68,28
"Needle Exchange",0,1,0.667,0,63,11
"Needle Exchange",0,1,1,0,60,8
"Needle Exchange",1,0.5,0.167,1,NA,12
"Needle Exchange",1,1,1,1,67,18
"Needle Exchange",0,1,1,0,NA,6
"Needle Exchange",1,0.5,0.167,1,67,2
"Needle Exchange",1,1,1,1,75,5.4
"Needle Exchange",1,1,1,0,63,22
"Needle Exchange",0,1,0.833,0,NA,38
"Needle Exchange",1,1,0.667,1,65,25
"Needle Exchange",0,1,0.833,0,69,12
"Needle Exchange",0,0.75,0.833,0,33,3
"Needle Exchange",0,0.75,0.833,0,62,10
"Needle Exchange",1,1,1,0,60,18
"Needle Exchange",0,0.75,0.667,0,26,3
"Needle Exchange",1,0.75,0.667,1,NA,5
"Needle Exchange",0,0.75,1,0,36,2
"Needle Exchange",0,0.75,0.667,1,51,10
"Needle Exchange",0,1,0.833,0,NA,12
"Needle Exchange",0,0.75,0,1,NA,25
"Needle Exchange",0,0.75,0.667,1,63,30
"Needle Exchange",1,0.75,1,0,33,3
"Needle Exchange",1,0.5,0.333,1,74,20
"Needle Exchange",1,1,1,0,67,13
"Needle Exchange",1,0.75,0.5,1,NA,8
"Needle Exchange",1,1,1,0,25,1
"Needle Exchange",0,1,0.833,1,NA,19.5
"Needle Exchange",1,1,1,1,73,10
"Needle Exchange",0,0,1,1,55,18
"Needle Exchange",1,0.75,0.667,1,NA,9
"Needle Exchange",1,1,0.5,1,62,15
"Needle Exchange",0,0.75,1,0,77,12
"Needle Exchange",0,1,0.833,0,28,2
"Needle Exchange",1,1,0.833,0,NA,22
"Needle Exchange",1,0.75,0.833,1,67,5
"Needle Exchange",0,0.5,0.167,1,NA,22
"Needle Exchange",0,0,1,0,NA,13
"Needle Exchange",0,0.5,0.667,0,NA,42
"Needle Exchange",1,0.75,0.667,1,NA,19
"Needle Exchange",0,0.75,1,0,53,4
"Needle Exchange",1,0.5,0.333,1,63,35
"Needle Exchange",0,1,1,0,71,23
"Needle Exchange",1,1,1,0,60,8
"Needle Exchange",1,1,1,1,62,4
"Needle Exchange",1,0.75,0.333,1,NA,15
"Needle Exchange",1,1,0.333,1,53,24
"Needle Exchange",0,0.75,1,0,64,4
"Needle Exchange",0,1,1,0,31,6
"Needle Exchange",0,0.5,0.167,0,NA,13
"Needle Exchange",0,0.5,0.5,1,NA,1
"Needle Exchange",1,0.75,1,1,NA,2
"Needle Exchange",0,0.5,0.667,0,NA,18
"Needle Exchange",1,1,0.833,1,NA,3
"Needle Exchange",0,0.25,0.833,0,26,1
"Needle Exchange",0,0.75,0.833,1,NA,30
"Needle Exchange",0,0.75,0.5,1,NA,7
"Needle Exchange",1,1,1,0,NA,10
"Needle Exchange",1,0.75,0.667,0,NA,37
"Needle Exchange",1,0.75,0.167,1,NA,5
"Needle Exchange",1,0.25,0.5,0,78,12
"Needle Exchange",0,0.5,0.5,0,NA,4
"Needle Exchange",0,0.75,0.833,0,NA,1
"Needle Exchange",0,0.75,0.167,NA,NA,1
"Needle Exchange",0,0,1,0,NA,40
"Needle Exchange",0,0.5,0.5,1,NA,12
"Needle Exchange",0,0.75,0.833,1,NA,30
"Needle Exchange",0,0.5,0.167,0,44,10
"Needle Exchange",0,0.75,1,0,NA,17
"Needle Exchange",0,0.75,0.833,1,NA,6
"Needle Exchange",0,0.75,0.833,1,NA,9
"Needle Exchange",0,0.75,1,0,NA,12
"Needle Exchange",0,0.75,0.667,0,NA,4
"Needle Exchange",0,0.75,1,1,52,1
"Needle Exchange",1,0.25,0.667,0,80,12
"Needle Exchange",0,0.25,0.667,1,79,10
"Needle Exchange",1,0.75,0.167,1,NA,8
"Needle Exchange",1,0.5,0.5,0,45,4
"Needle Exchange",0,0.25,0.833,1,NA,14
"Needle Exchange",0,0,0.833,1,NA,8
"Needle Exchange",1,1,0.833,1,NA,2
"Needle Exchange",0,1,1,0,58,6
"Needle Exchange",0,0.75,0.167,1,59,57
"Needle Exchange",1,0.75,1,0,68,28
"Needle Exchange",1,0.75,1,0,NA,10
"Needle Exchange",1,0.5,0.833,1,NA,8
"Needle Exchange",0,1,1,0,55,21
"Needle Exchange",0,1,1,0,44,14
"Needle Exchange",0,0.5,1,1,NA,16
"Needle Exchange",1,0.75,0.833,0,31,9
"Needle Exchange",0,1,1,1,NA,25
"Needle Exchange",0,1,0.833,1,53,29
"Needle Exchange",0,0.5,0.167,1,NA,6
"Needle Exchange",1,1,0.833,1,NA,41
"Needle Exchange",1,0.75,0.667,0,NA,4
"Needle Exchange",1,0.75,0.667,1,64,10
"Needle Exchange",1,1,0.167,1,NA,10
"Needle Exchange",1,1,0.167,1,60,2
"Needle Exchange",0,0.75,0.167,1,71,4
"Needle Exchange",1,1,1,0,27,2
"Needle Exchange",0,0.75,0.5,0,58,36
"Needle Exchange",0,0.75,0,1,43,2
"Needle Exchange",0,0.25,0,1,76,5
"Needle Exchange",0,0.25,0.667,0,55,5
"Needle Exchange",1,1,0.5,1,NA,4
"Needle Exchange",0,0.5,1,1,NA,47
"Needle Exchange",1,0.5,0.5,0,NA,35
"Needle Exchange",0,0.5,0.167,1,NA,4
"Needle Exchange",1,0.75,0.5,0,37,11
"Needle Exchange",1,0.75,0.5,1,NA,11
"Needle Exchange",1,0.75,0.833,0,NA,3
"Needle Exchange",1,0.75,0.667,1,NA,32
"Needle Exchange",1,0.75,0.5,1,NA,22
"Needle Exchange",0,1,1,0,NA,6
"Needle Exchange",0,1,0.833,1,NA,2
"Needle Exchange",1,0.75,0.5,1,NA,15
"Needle Exchange",0,0,0.833,0,NA,12
"Needle Exchange",1,0,0.5,0,NA,25
"Needle Exchange",1,0,0.833,1,NA,2
"Needle Exchange",0,0.25,0.5,NA,73,15
"Needle Exchange",0,0.75,0.833,1,NA,26
"Needle Exchange",1,0.75,0.5,1,NA,20
"Needle Exchange",1,1,0.833,0,NA,3
"Needle Exchange",1,0.5,0.833,0,NA,1
"Needle Exchange",1,1,1,0,NA,15
"Needle Exchange",1,1,0.5,0,NA,1.5
"Needle Exchange",1,0.5,0.5,0,NA,14
"Needle Exchange",0,0.25,0.5,0,NA,40
"Needle Exchange",1,0.75,0.667,1,47,25
"Needle Exchange",1,0.75,0.5,1,NA,36
"Needle Exchange",0,0.25,0.833,0,NA,1
"Needle Exchange",1,1,1,0,56,3
"Needle Exchange",0,0.75,1,0,41,5
"Needle Exchange",0,0.75,1,1,72,8
