"country","votes","share_yes","ICAO_region"
"Afghanistan",34,0.382352941176471,"ASIAPAC"
"Argentina",38,0.578947368421053,"CARSAM"
"Australia",38,0.552631578947368,"ASIAPAC"
"Belarus",38,0.5,"EUR"
"Belgium",38,0.605263157894737,"EUR"
"Bolivia",37,0.594594594594595,"CARSAM"
"Brazil",38,0.657894736842105,"CARSAM"
"Canada",38,0.605263157894737,"NAM"
"Chile",38,0.657894736842105,"CARSAM"
"Colombia",35,0.542857142857143,"CARSAM"
"Costa Rica",33,0.696969696969697,"CARSAM"
"Cuba",38,0.657894736842105,"CARSAM"
"Czechoslovakia",38,0.473684210526316,"EUR"
"Denmark",38,0.631578947368421,"EUR"
"Dominican Republic",38,0.605263157894737,"CARSAM"
"Ecuador",35,0.6,"CARSAM"
"Egypt",38,0.5,"MID"
"El Salvador",35,0.6,"CARSAM"
"Ethiopia",38,0.447368421052632,"AFI"
"France",38,0.736842105263158,"EUR"
"Greece",37,0.432432432432432,"EUR"
"Guatemala",38,0.605263157894737,"CARSAM"
"Haiti",35,0.657142857142857,"CARSAM"
"Honduras",34,0.588235294117647,"CARSAM"
"Iceland",33,0.727272727272727,"EUR"
"India",37,0.405405405405405,"ASIAPAC"
"Iran",37,0.621621621621622,"MID"
"Iraq",38,0.447368421052632,"MID"
"Lebanon",38,0.447368421052632,"MID"
"Liberia",37,0.702702702702703,"AFI"
"Luxembourg",36,0.638888888888889,"EUR"
"Mexico",38,0.631578947368421,"CARSAM"
"Netherlands",38,0.605263157894737,"EUR"
"New Zealand",38,0.631578947368421,"ASIAPAC"
"Nicaragua",37,0.675675675675676,"CARSAM"
"Norway",38,0.657894736842105,"EUR"
"Pakistan",31,0.419354838709677,"ASIAPAC"
"Panama",36,0.722222222222222,"CARSAM"
"Paraguay",25,0.64,"CARSAM"
"Peru",38,0.605263157894737,"CARSAM"
"Philippines",34,0.558823529411765,"ASIAPAC"
"Poland",33,0.424242424242424,"EUR"
"Russia",38,0.526315789473684,"EUR"
"Saudi Arabia",32,0.28125,"MID"
"South Africa",38,0.5,"AFI"
"Sweden",38,0.657894736842105,"EUR"
"Syria",29,0.379310344827586,"MID"
"Taiwan",38,0.631578947368421,"ASIAPAC"
"Thailand",17,0.352941176470588,"ASIAPAC"
"Turkey",38,0.368421052631579,"EUR"
"Ukraine",38,0.526315789473684,"EUR"
"United Kingdom",38,0.578947368421053,"EUR"
"United States",38,0.710526315789474,"NAM"
"Uruguay",35,0.685714285714286,"CARSAM"
"Venezuela",38,0.657894736842105,"CARSAM"
"Yemen Arab Republic",19,0.31578947368421,"MID"
"Yugoslavia",38,0.5,"EUR"
